product_name,product_description,product_rating,product_price,regular_price,product_url
Revox Just Daily Sun Shield,"krem przeciwsłoneczny do twarzy SPF50, 30 ml",(1190),24.49,34.99,/revox-krem-przeciwsloneczny-do-twarzy-spf50-30-ml-000000000000387034.html
Holika Holika Aloe Water Proof Sun Gel,"wodoodporny krem-żel przeciwsłoneczny do twarzy SPF50 PA++++, 100 ml",(548),89.99,89.99,/holika-holika-wodoodporny-krem-zel-przeciwsloneczny-do-twarzy-spf50-pa-100-ml-000000000000390581.html
Skin79 Waterproof Sun Gel UV,"lekki krem przeciwsłoneczny do twarzy z SPF50 PA++++, 50 ml",(323),64.99,64.99,/skin79-lekki-krem-przeciwsloneczny-do-twarzy-z-spf50-pa-50-ml-000000000000308192.html
Skin79 Waterproof Sun Gel UV,"lekki krem przeciwsłoneczny do twarzy z SPF50 PA++++, 100 ml",(95),84.99,84.99,/skin79-lekki-krem-przeciwsloneczny-do-twarzy-z-spf50-pa-100-ml-000000000000435701.html
Dermedic Hydrain3 Hialuro,"ultranawilżający krem-żel do twarzy, 50 g",(316),24.99,37.99,/dermedic-krem-zel-do-twarzy-50g-000000000000273818.html
L'Oréal Paris Revitalift Clinical,"rozświetlający krem z witaminą C i SPF50 do twarzy na dzień, 50 ml",(10),47.99,58.99,/loreal-paris-rozswietlajacy-krem-z-witamina-c-i-spf50-do-twarzy-na-dzien-50-ml-000000000000434916.html
Lirene Coconut Shine,"rozświetlający krem do twarzy i ciała, 150 ml",(27),27.49,27.49,/lirene-rozswietlajacy-krem-do-twarzy-i-ciala-150-ml-000000000000383540.html
The Saem Jeju Fresh Aloe,"krem do twarzy z filtrem SPF50+, 50 g",(35),69.99,69.99,/the-saem-krem-do-twarzy-z-filtrem-spf50-50-g-000000000000423703.html
Lirene Sun,"krem ochronny z SPF50 do twarzy, 40 ml",(147),23.99,23.99,/lirene-nawilzajacy-ochronny-krem-do-twarzy-spf-50-40ml-000000000000357025.html
Ziaja Witamina C.B3,"krem do twarzy na przebudzenie, 50 ml",(13),12.29,12.29,/ziaja-krem-do-twarzy-na-przebudzenie-50-ml-000000000000438360.html
Cetaphil PS,"lipoaktywny krem nawilżający, 100 g",(114),49.99,57.99,/cetaphil-krem-nawilzajacy-100g-000000000000357851.html
Nacomi Next Level,"nawilżający krem do twarzy SPF50 basic, 50 ml",(322),23.99,36.99,/nacomi-nawilzajacy-krem-do-twarzy-spf50-basic-50-ml-000000000000385252.html
Bielenda Professional SupremeLab,"intensywnie odżywczy krem z ceramidami do twarzy na noc, 50 ml",(164),77.99,77.99,/bielenda-professional-intensywnie-odzywczy-krem-z-ceramidami-do-twarzy-na-noc-50-ml-000000000000370079.html
Ziaja Med.,"krem matujący SPF50+ do twarzy, 50 ml",(128),28.99,28.99,/ziaja-med.-krem-matujacy-spf50-do-twarzy-50-ml-000000000000387597.html
Basiclab Famillias,"nawilżający krem o bogatej konsystencji do twarzy, 75 ml",(140),39.99,39.99,/basiclab-nawilzajacy-krem-o-bogatej-konsystencji-do-twarzy-75-ml-000000000000383401.html
Tołpa Estetic,"intensywny zabieg rozjaśniający przebarwienia, 1 zabieg",(22),14.99,21.99,/tolpa-intensywny-zabieg-rozjasniajacy-przebarwienia-1-zabieg-000000000000363643.html
Embryolisse,"odżywczo-nawilżający krem do twarzy, 30 ml",(11),39.99,54.99,/embryolisse-odzywczo-nawilzajacy-krem-do-twarzy-30-ml-000000000000370359.html
Faceboom Skin Dopamine,"nawilżający krem do twarzy z SPF50, 40 ml",(45),31.49,44.99,/faceboom-nawilzajacy-krem-do-twarzy-z-spf50-40-ml-000000000000428182.html
La Roche-Posay Effaclar Duo(+),"krem zwalczający niedoskonałości, 40 ml",(225),79.99,79.99,/la-roche-posay-krem-do-twarzy-40ml-000000000000302594.html
Ziaja Naturalnie Pielęgnujemy,"nawilżający krem do twarzy na dzień, 50 ml",(63),12.29,12.29,/ziaja-nawilzajacy-krem-do-twarzy-na-dzien-50-ml-000000000000411827.html
Bandi Anti Dry,"emulsja do twarzy silnie nawilżająca, 50 ml",(209),67.99,67.99,/bandi-emulsja-do-twarzy-silnie-nawilzajaca-50ml-000000000000298027.html
The Saem Eco Earth,"krem przeciwsłoneczny do twarzy z SPF50+, 50 ml",(10),69.99,69.99,/the-saem-krem-przeciwsloneczny-do-twarzy-z-spf50-50-ml-000000000000427679.html
Basiclab Famillias,"nawilżający krem o lekkiej konsystencji do twarzy, 75 ml",(174),39.99,39.99,/basiclab-nawilzajacy-krem-o-lekkiej-konsystencji-do-twarzy-75-ml-000000000000383402.html
Ziaja Witamina C.B3,"krem-maska do twarzy na noc, 50 ml",(6),12.29,12.29,/ziaja-krem-maska-do-twarzy-na-noc-50-ml-000000000000438356.html
Nacomi Next Level,"krem do twarzy SPF50 city formula, 50 ml",(675),23.99,39.99,/nacomi-krem-do-twarzy-spf50-city-formula-50-ml-000000000000385249.html
Nivea Cellular Luminous,"krem do twarzy przeciw przebarwieniom na dzień SPF50, 40 ml",(150),87.99,87.99,/nivea-krem-do-twarzy-przeciw-przebarwieniom-na-dzien-spf50-40-ml-000000000000406884.html
Dermika Esthetic Solutions,"przeciwzmarszczkowy krem do twarzy, 50 ml",(6),39.99,89.99,/dermika-przeciwzmarszczkowy-krem-do-twarzy-50-ml-000000000000413834.html
Eveline Cosmetics Magic Skin CC,"nawilżający krem CC na zaczerwienienia, 50 ml",(241),27.99,27.99,/eveline-krem-do-twarzy-cc-50ml-000000000000312687.html
Nivea Sun,"krem z SPF50 do twarzy, 50 ml",(5),38.29,38.29,/nivea-krem-z-spf50-do-twarzy-50-ml-000000000000437841.html
Cliv Premium,"odżywczo-ujędrniający krem do twarzy z jagodami żeń-szenia, 50 ml",(174),139.99,139.99,/cliv-krem-do-twarzy-50ml-000000000000356616.html
Nacomi Dermo,"krem do twarzy na trądzik, 50 ml",(36),21.59,35.99,/nacomi-krem-do-twarzy-na-tradzik-50-ml-000000000000424296.html
Nivea Q10,"krem wypełniający zmarszczki do twarzy, 15 ml",(18),44.09,59.99,/nivea-krem-wypelniajacy-zmarszczki-do-twarzy-15-ml-000000000000435667.html
Dermedic Hydrain2,"nawilżający krem o przedłużonym działaniu, 50 g",(453),24.99,24.99,/dermedic-nawilzajacy-krem-o-przedluzonym-dzialaniu-50ml-000000000000247674.html
La Roche-Posay Anthelios,"niewidoczna mgiełka do twarzy z filtrem SPF50, 75 ml",(55),84.99,84.99,/la-roche-posay-mgielka-do-twarzy-75ml-000000000000311374.html
Nacomi Dermo,"nawilżający krem do twarzy, 50 ml",(37),21.59,35.99,/nacomi-nawilzajacy-krem-do-twarzy-50-ml-000000000000424298.html
Cetaphil MD Dermoprotektor,"balsam nawilżający do twarzy i ciała, 500 ml",(7),69.99,94.99,/cetaphil-balsam-nawilzajacy-do-twarzy-i-ciala-500-ml-000000000000384536.html
Nivea Sun,"fluid z SPF50+ do twarzy, 40 ml",,62.89,62.89,/nivea-fluid-z-spf50-do-twarzy-40-ml-000000000000437834.html
Bandi Medical Expert Anti Dark Spot,"tonujący krem do twarzy z SPF50, 50 ml",(21),67.99,84.99,/bandi-tonujacy-krem-do-twarzy-z-spf50-50-ml-000000000000428285.html
Ziaja Naturalnie Pielęgnujemy,"regenerujący krem do twarzy na noc, 50 ml",(27),12.29,12.29,/ziaja-regenerujacy-krem-do-twarzy-na-noc-50-ml-000000000000411828.html
Dermedic Sunbrella Baby,"mleczko ochronne do opalania w sprayu SPF50+, 150 ml",(19),69.99,69.99,/dermedic-mleczko-w-sprayu-do-opalania-150ml-000000000000309455.html
Solverx Sensitive,"krem do twarzy SPF50+, 50 ml",(275),37.99,37.99,/solverx-krem-do-twarzy-spf50-50-ml-000000000000407912.html
Cetaphil DA Ultra,"krem intensywnie nawilżający do twarzy, 85 g",(69),49.99,57.99,/cetaphil-krem-nawilzajacy-85g-000000000000225492.html
Ziaja Pietruszkowy,"krem pod oczy i na powieki przeciw zmarszczkom, 15 ml",(10),6.99,6.99,/ziaja-krem-pod-oczy-i-na-powieki-przeciw-zmarszczkom-15-ml-000000000000299157.html
Floslek Oil Free,"ochronny krem BB matujący z filtrem SPF50+, 30 ml",(9),39.99,39.99,/floslek-ochronny-krem-bb-matujacy-z-filtrem-spf50-30-ml-000000000000437870.html
Bandi Anti Irritate S.O.S.,"kuracja s.o.s. do twarzy, 50 ml",(46),79.99,79.99,/bandi-kuracja-s.o.s.-do-twarzy-50-ml-000000000000371310.html
Yasumi Stem Cells Cream,"odbudowujący krem na dzień z komórkami macierzystymi do twarzy, 50 ml",(26),49.99,116.99,/yasumi-odbudowujacy-krem-na-dzien-z-komorkami-macierzystymi-do-twarzy-50-ml-000000000000360044.html
Nivea Men,"krem przeciwzmarszkowy do twarzy, 50 ml",(11),37.99,58.99,/nivea-krem-przeciwzmarszkowy-do-twarzy-50-ml-000000000000384085.html
Nivea Soft,"intensywnie nawilżający krem do twarzy i ciała, 200 ml",(7),14.39,15.99,/nivea-intensywnie-nawilzajacy-krem-do-twarzy-i-ciala-200-ml-000000000000218807.html
Solverx Atopic Skin,"krem do twarzy SPF50+, 50 ml",(47),26.59,37.99,/solverx-krem-do-twarzy-spf50-50-ml-000000000000407860.html
Bergamo Collagen,"ujędrniający krem do twarzy, 50 g",(31),49.99,49.99,/bergamo-ujedrniajacy-krem-do-twarzy-50-g-000000000000411833.html
Weleda Skin Food Light,"nawilżający krem do twarzy, 30 ml",(19),28.99,28.99,/weleda-nawilzajacy-krem-do-twarzy-30-ml-000000000000401167.html
Mixa Hyalurogel,"intensywnie nawilżający krem do twarzy dla skóry wrażliwej, normlanej i suchej, 50 ml",(36),23.09,31.99,/mixa-intensywnie-nawilzajacy-krem-dla-skory-wrazliwej-50ml-000000000000286159.html
Tołpa Dermo Face Hydrativ,"nawilżająca płynna esencja pod krem, 75 ml",(64),27.99,39.99,/tolpa-nawilzajaca-plynna-esencja-pod-krem-do-twarzy-75ml-000000000000298378.html
Nivea Sun,"przeciwzmarszczkowy krem do twarzy z SPF50, 50 ml",(8),38.29,38.29,/nivea-przeciwzmarszczkowy-krem-do-twarzy-z-spf50-50-ml-000000000000357035.html
Nivea Men Creme,"krem do twarzy, ciała i rąk męski, 150 ml",(21),14.49,19.99,/nivea-krem-do-twarzy-ciala-i-rak-meski-150-ml-000000000000267524.html
Floslek Sensitive,"wodoodporny krem tonujący BB SPF50+ do twarzy, 30 ml",(4),39.99,39.99,/floslek-wodoodporny-krem-tonujacy-bb-spf50-do-twarzy-30-ml-000000000000437866.html
Tołpa Dermo Face Hydrativ,"bogaty nawilżający krem odprężający na dzień SPF10, 40 ml",(34),39.99,39.99,/tolpa-krem-do-twarzy-40ml-000000000000226628.html
Bandi Hydro Care,"intensywnie nawilżający krem do twarzy, 50 ml",(66),64.99,64.99,/bandi-intensywnie-nawilzajacy-krem-do-twarzy-50-ml-000000000000363879.html
Ziaja Sopot Sun,"antyoksydacyjny krem z witaminą C SPF50+ do twarzy, 50 ml",(37),20.99,20.99,/ziaja-antyoksydacyjny-krem-z-witamina-c-spf50-do-twarzy-50-ml-000000000000257052.html
Solverx Sensitive,"krem do twarzy, 50 ml",(37),19.99,31.99,/solverx-krem-do-twarzy-50-ml-000000000000407833.html
Missha Essence,"krem przeciwsłoneczny do twarzy SPF45 PA+++, 50 ml",(46),69.99,69.99,/missha-krem-przeciwsloneczny-do-twarzy-spf45-pa-50-ml-000000000000385830.html
Lirene,"ochronna emulsja do twarzy z SPF50, 50 ml",(162),23.99,23.99,/lirene-ochronna-emulsja-do-twarzy-z-spf50-50-ml-000000000000413417.html
Bielenda Good Skin Hydra Boost,"nawilżający krem do twarzy, 50 ml",(53),22.19,36.99,/bielenda-nawilzajacy-krem-do-twarzy-50-ml-000000000000387066.html
Basiclab Complementis,"prebiotyczny krem wyciszający do twarzy, 50 ml",(1),87.99,109.99,/basiclab-prebiotyczny-krem-wyciszajacy-do-twarzy-50-ml-000000000000435436.html
Nivea Sun,"matujący krem koloryzujący z SPF50 do twarzy, 50 ml",(2),38.29,38.29,/nivea-matujacy-krem-koloryzujacy-z-spf50-do-twarzy-50-ml-000000000000437831.html
La Roche-Posay Anthelios UVMune,"fluid ochronny SPF50+, 50 ml",(19),89.99,113.99,/la-roche-posay-fluid-ochronny-spf50-50-ml-000000000000435255.html
Bandi UV Expert,"Pre-D3 zaawansowany krem nawilżający do twarzy SPF50, 50 ml",(158),76.99,76.99,/bandi-pre-d3-zaawansowany-krem-nawilzajacy-do-twarzy-spf50-50-ml-000000000000296056.html
Eveline Cosmetics Vitamin C,"nawilżający krem z SPF50 do twarzy, 30 ml",(6),34.99,34.99,/eveline-cosmetics-nawilzajacy-krem-z-spf50-do-twarzy-30-ml-000000000000450334.html
Mixa Niacynamide Glow,"rozświetlający krem do twarzy, 50 ml",(6),24.49,34.99,/mixa-rozswietlajacy-krem-do-twarzy-50-ml-000000000000424092.html
Miya Cosmetics Beauty.lab,"kojący krem do twarzy, 50 ml",(1),67.99,67.99,/miya-cosmetics-kojacy-krem-do-twarzy-50-ml-000000000000438566.html
Tołpa Dermo Face Hydrativ,"krem BB do twarzy SPF30, 40 ml",(62),39.99,39.99,/tolpa-krem-bb-do-twarzy-spf30-40-ml-000000000000383777.html
Benton UV Defense Sun Cream,"krem przeciwsłoneczny do twarzy z SPF50+ PA++++, 50 ml",(5),99.99,99.99,/benton-krem-przeciwsloneczny-do-twarzy-z-spf50-pa-50-ml-000000000000427910.html
Basiclab Protecticus,"emulsja do twarzy SPF50+, 50 ml",(57),109.99,139.99,/basiclab-emulsja-do-twarzy-spf50-50-ml-000000000000388880.html
Bielenda Hydro Lipidium,"krem barierowy nawilżająco-ochronny z SPF50 do twarzy, 30 ml",,17.99,29.99,/bielenda-krem-barierowy-nawilzajaco-ochronny-z-spf50-do-twarzy-30-ml-000000000000459601.html
Weleda Skin Food,"nawilżający krem do twarzy, 30 ml",(31),28.99,28.99,/weleda-krem-do-twarzy-30ml-000000000000294966.html
Skin79 Jeju Mayu,"odżywczy krem do twarzy, 70 ml",(33),114.99,114.99,/skin79-odzywczy-krem-do-twarzy-70-ml-000000000000304025.html
Dermika 100% for Men,"krem przeciw zmarszczkom i bruzdom do twarzy na dzień i noc 50+ męski, 50 ml",(8),35.99,71.99,/dermika-krem-do-twarzy-50-50ml-000000000000260079.html
Vichy Neovadiol Po Menopauzie,"odżywczy krem na dzień przeciw wiotczeniu skóry, 50 ml",(59),119.99,169.99,/vichy-odzywczy-krem-na-dzien-przeciw-wiotczeniu-skory-50-ml-000000000000403991.html
Bielenda Professional Energy Boost,"energetyzująco-nawilżający krem z ultrastabilną witaminą C, 50 ml",(46),54.99,69.99,/bielenda-professional-energetyzujaco-nawilzajacy-krem50ml-000000000000357725.html
Bandi Anti Acne,"kremowa kuracja antytrądzikowa do twarzy, 50 ml",(18),46.99,46.99,/bandi-kuracja-do-twarzy-30ml-000000000000281889.html
Dermika Esthetic Solutions,"przeciwzmarszczkowy krem do twarzy, 50 ml",(14),39.99,89.99,/dermika-przeciwzmarszczkowy-krem-do-twarzy-50-ml-000000000000413832.html
Ziaja Sopot Sun,"ochronna emulsja z filtrem SPF30 do twarzy i ciała, 100 ml",(6),22.99,22.99,/ziaja-ochronna-emulsja-z-filtrem-spf30-do-twarzy-i-ciala-100-ml-000000000000437748.html
Resibo Sun To The People,"lekki krem do twarzy i ciała SPF50, 50 ml",(2),45.99,58.99,/resibo-lekki-krem-do-twarzy-i-ciala-spf50-50-ml-000000000000438516.html
Ziaja med,"krem tonujący SPF50+ do twarzy, 50 ml",(41),28.99,28.99,/ziaja-med-krem-tonujacy-spf50-do-twarzy-50-ml-000000000000247022.html
Tołpa Dermo Face Sebio,"matujący krem BB korygujący na dzień SPF30, 40 ml",(55),39.99,39.99,/tolpa-matujacy-krem-bb-korygujacy-na-dzien-spf30-40-ml-000000000000367856.html
Tołpa Dermo Face Sebio+,"korygujący niedoskonałości CICA-KREM, 40 ml",(94),27.99,39.99,/tolpa-korygujacy-niedoskonalosci-cica-krem-40-ml-000000000000362536.html
Pharmaceris S,"ultra ochronny krem dla skóry naczynkowej i z trądzikiem różowatym SPF50+, 50 ml",(49),55.99,55.99,/pharmaceris-ultra-ochronny-krem-dla-skory-naczynkowej-i-z-tradzikiem-rozowatym-spf50-50-ml-000000000000411476.html
Holika Holika Black Snail,"krem przeciwzmarszczkowy do twarzy, 50 ml",(15),59.99,99.99,/holika-holika-krem-przeciwzmarszczkowy-do-twarzy-50-ml-000000000000380838.html
Bioliq Dermo,"krem rozjaśniający przebarwienia, 50 ml",(12),17.49,24.99,/bioliq-krem-rozjasniajacy-przebarwienia-50ml-000000000000278231.html
Bandi Medical Expert Anti Dark Spot,"emulsja silnie rozjaśniająca przebarwienia na twarzy, 50 ml",(7),79.99,79.99,/bandi-emulsja-silnie-rozjasniajaca-przebarwienia-na-twarzy-50-ml-000000000000428284.html
AA LAAB,"naprawczy krem do twarzy na noc, 40 ml",,39.99,39.99,/aa-naprawczy-krem-do-twarzy-na-noc-40-ml-000000000000450259.html
Pureheals Rose Blemish,"nawilżająco-ujędrniający krem do twarzy, 50 ml",(44),139.99,139.99,/pureheals-nawilzajaco-ujedrniajacy-krem-do-twarzy-50-ml-000000000000420813.html
Ziaja med Siemię Lniane,"ultra odżywczy krem do twarzy, 50 ml",(8),14.99,14.99,/ziaja-med-ultra-odzywczy-krem-do-twarzy-50-ml-000000000000436728.html
Tołpa Estetic,"krem rozjaśniający przebarwienia, 40 ml",(22),38.49,54.99,/tolpa-krem-rozjasniajacy-przebarwienia-40-ml-000000000000300118.html
Bandi Boost Care,"krem przeciwzmarszczkowy z kolagenem i elastyną, 50 ml",(18),49.99,49.99,/bandi-krem-przeciwzmarszczkowy-z-kolagenem-i-elastyna-50-ml-000000000000301912.html
Nacomi Next Level,"krem do twarzy SPF50 holiday, 50 ml",(111),23.99,39.99,/nacomi-krem-do-twarzy-spf50-holiday-50-ml-000000000000385251.html
Altruist Invisible Sunspray,"niewidoczny spray przeciwsłoneczny SPF50, 200 ml",,54.0,54.0,/altruist-niewidoczny-spray-przeciwsloneczny-spf50-200-ml-54009305.html
Bielenda Eco Sorbet,"krem nawilżający do twarzy, 50 ml",(151),18.89,25.99,/bielenda-krem-nawilzajacy-do-twarzy-50-ml-000000000000383621.html
Basiclab Complementis,"trehalozowy krem przywracający równowagę do twarzy, 50 ml",(5),87.99,109.99,/basiclab-trehalozowy-krem-przywracajacy-rownowage-do-twarzy-50-ml-000000000000435405.html
Eveline Cosmetics,"nawilżający krem z SPF50 do twarzy, 30 ml",(10),34.99,34.99,/eveline-cosmetics-nawilzajacy-krem-z-spf50-do-twarzy-30-ml-000000000000447778.html
Nivea Sun,"matujący krem do twarzy z SPF30, 50 ml",(5),38.29,38.29,/nivea-matujacy-krem-do-twarzy-z-spf30-50-ml-000000000000357030.html
Ziaja,"aktywny krem BB do twarzy na niedoskonałości dla skóry normalnej i suchej SPF15 naturalny, 50 ml",(37),11.99,11.99,/ziaja-aktywny-krem-do-twarzy-na-niedoskonalosci-spf-15-50ml-000000000000260329.html
Bioderma Sébium Hydra,"nawilżający krem do skóry tłustej i ze skłonnością do trądziku, 40 ml",(15),53.99,89.99,/bioderma-nawilzajacy-krem-do-skory-tlustej-ze-sklonnoscia-do-tradziku-30ml-000000000000225316.html
Bandi Anti Acne,"multiaktywny krem BB do twarzy, 50 ml",(71),39.99,49.99,/bandi-krem-do-twarzy-50ml-000000000000281891.html
Tołpa Dermo Men Anti Age,"krem przeciw oznakom starzenia, lekki, 40 ml",(10),22.99,38.99,/tolpa-krem-przeciwzmarszczkowy-do-twarzy-dla-mezczyzn-40-40ml-000000000000268094.html
Tołpa Dermo Face Hydrativ,"lekki nawilżający krem odprężający na noc, 40 ml",(42),27.99,39.99,/tolpa-nawilzajacy-lekki-krem-do-twarzy-na-dzien-40ml-000000000000226627.html
Cetaphil MD Dermoprotektor,"balsam nawilżający do twarzy i ciała, 236 ml",(42),58.99,58.99,/cetaphil-balsam-do-twarzy-236ml-000000000000357847.html
Uzdrovisco,"brązujący krem nawadniający do twarzy i ciała, 170 ml",(3),79.99,79.99,/uzdrovisco-brazujacy-krem-nawadniajacy-do-twarzy-i-ciala-170-ml-000000000000463516.html
Cosrx,"przeciwsłoneczny krem z SPF50+ PA+++ do twarzy, 50 ml",(3),59.99,59.99,/cosrx-przeciwsloneczny-krem-z-spf50-pa-do-twarzy-50-ml-000000000000453817.html
Bielenda CBD Cannabidiol,"nawilżająco-detoksykujący krem do twarzy, 50 ml",(5),22.39,31.99,/bielenda-nawilzajaco-detoksykujacy-krem-do-twarzy-50-ml-000000000000362494.html
Ava,"aktywator-krem z kolagenem morskim do twarzy, 50 ml",(20),35.99,35.99,/ava-aktywator-krem-z-kolagenem-morskim-do-twarzy-50-ml-000000000000401335.html
Bioderma Sensibio AR,"aktywny krem do cery naczynkowej, 40 ml",(15),65.99,109.99,/bioderma-krem-do-twarzy-40ml-000000000000225300.html
Bandi Pro Care,"krem z kwasem migdałowym i polihydroksykwasami do twarzy, 50 ml",(48),79.99,79.99,/bandi-krem-z-kwasem-migdalowym-polihydroksykwasami-do-twarzy-50ml-000000000000355278.html
Bergamo Intensive Snake,"przeciwzmarszczkowy krem do twarzy z peptydami jadu węża, 50 ml",(88),62.99,62.99,/bergamo-przeciwzmarszczkowy-krem-do-twarzy-z-peptydami-jadu-weza-50-ml-000000000000262674.html
Bandi Boost Care,"nawilżający krem do twarzy, szyi i dekoltu z kwasem hialuronowym, 50 ml",(40),49.99,49.99,/bandi-nawilzajacy-krem-do-twarzy-szyi-i-dekoltu-z-kwasem-hialuronowym-50-ml-000000000000301913.html
Ziaja Biała Herbata,"nawilżający krem do każdego rodzaju skóry, 50 ml",(66),8.29,8.29,/ziaja-krem-do-twarzy-bionawilzajacy-50ml-000000000000215284.html
Bandi Anti Rouge,"kremowa kuracja na naczynka, 50 ml",(33),54.99,71.99,/bandi-kremowa-kuracja-na-naczynka-50ml-000000000000281638.html
Uzdrovisco,"rozświetlający krem nawadniający do twarzy i ciała, 170 ml",(1),79.99,79.99,/uzdrovisco-rozswietlajacy-krem-nawadniajacy-do-twarzy-i-ciala-170-ml-000000000000463514.html
Bandi Well Aging,"lekka emulsja odmładzająca do twarzy SPF50, 50 ml",(32),59.99,79.99,/bandi-lekka-emulsja-odmladzajaca-do-twarzy-spf50-50-ml-000000000000412780.html
Revuele Ceramide,"nawilżający krem do twarzy, 200 ml",(3),29.99,29.99,/revuele-nawilzajacy-krem-do-twarzy-200-ml-000000000000427913.html
Vichy Neovadiol Po Menopauzie Na Noc,"odbudowujący krem na noc przeciw wiotczeniu skóry, 50 ml",(18),118.99,169.99,/vichy-odbudowujacy-krem-na-noc-przeciw-wiotczeniu-skory-50-ml-000000000000403992.html
Bielenda Professional Sun Protect,"krem do twarzy SPF50, 50 ml",(24),69.99,84.99,/bielenda-professional-krem-do-twarzy-spf50-50-ml-000000000000413838.html
Revuele Ceramide,"nawilżający krem do twarzy z SPF25, 50 ml",(12),24.99,24.99,/revuele-nawilzajacy-krem-do-twarzy-z-spf25-50-ml-000000000000427927.html
Ziaja med Med.,"krem z 15% mocznikiem do stóp, 100 ml",(13),17.99,17.99,/ziaja-med-krem-z-15-mocznikiem-do-stop-100-ml-000000000000387540.html
Tołpa Dermo Face Sebio,"normalizujący krem do twarzy, 40 ml",,25.89,36.99,/tolpa-normalizujacy-krem-do-twarzy-40-ml-000000000000436217.html
Yumi,"wielofunkcyjny żel aloesowy 99%, 200 ml",(35),24.99,24.99,/yumi-wielofunkcyjny-zel-aloesowy-99-200-ml-000000000000401343.html
Nivea Men Creme,"krem do twarzy, ciała i rąk męski, 75 ml",(10),9.99,9.99,/nivea-krem-do-twarzy-ciala-i-rak-meski-75-ml-000000000000267523.html
Bioderma Sensibio Defensive,"krem do twarzy, 40 ml",(25),55.99,79.99,/bioderma-krem-do-twarzy-40-ml-000000000000407547.html
"Orientana Drzewo sandałowe, kurkuma","regenerujący krem do twarzy na dzień i noc, 50 g",(73),32.19,45.99,/orientana-regenerujacy-krem-do-twarzy-na-dzien-i-noc-50-g-000000000000275782.html
Muldream All Green Mild,"nawilżający krem do twarzy, 60 ml",(9),54.99,109.99,/muldream-nawilzajacy-krem-do-twarzy-60-ml-000000000000431013.html
Bielenda Only For Men Barber,"krem nawilżający do twarzy, 50 ml",(6),12.89,21.49,/bielenda-krem-nawilzajacy-do-twarzy-50-ml-000000000000405220.html
Eveline Cosmetics Men X-Treme,"multifunkcyjny krem ekstremalnie nawilżający do twarzy i ciała męski, 200 ml",(18),11.99,12.99,/eveline-multifunkcyjny-krem-ekstremalnie-nawilzajacy-do-twarzy-ciala-200ml-000000000000289948.html
Basiclab Complementis,"krem o lekkiej konsystencji do twarzy, 50 ml",(24),109.99,109.99,/basiclab-krem-o-lekkiej-konsystencji-do-twarzy-50-ml-000000000000414917.html
Ziaja Bio Aloes,"krem do twarzy nieperfumowany do cery suchej, wrażliwej i normalnej na dzień i na noc, 50 ml",(2),5.99,5.99,/ziaja-krem-do-twarzy-nieperfumowany-na-dzien-na-noc-50ml-000000000000299168.html
Basiclab Complementis,"krem o bogatej konsystencji do twarzy, 50 ml",(19),109.99,109.99,/basiclab-krem-o-bogatej-konsystencji-do-twarzy-50-ml-000000000000414916.html
Lirene C+E,"odżywczy krem do twarzy, 50 ml",(26),26.99,26.99,/lirene-odzywczy-krem-do-twarzy-50-ml-000000000000401255.html
Miya Cosmetics MyWonderBalm,"krem do twarzy regenerująco- odżywczy z masłem shea, 75 ml",(106),32.99,32.99,/miya-cosmetics-krem-do-twarzy-re-generujaco-odzywczy-z-maslem-shea-75ml-000000000000294707.html
Bielenda B12,"witaminowy krem do twarzy, 50 ml",,17.99,29.99,/bielenda-witaminowy-krem-do-twarzy-50-ml-000000000000450268.html
Bielenda Złote Ceramidy,"krem przeciwzmarszczkowy na dzień i noc do twarzy 60+, 50 ml",(14),18.19,24.99,/bielenda-krem-przeciwzmarszczkowy-na-dzien-i-noc-do-twarzy-60-50-ml-000000000000401248.html
Bandi Boost Care,"krem rozjaśniający z kurkumą do twarzy, 50 ml",(1),29.99,29.99,/bandi-krem-rozjasniajacy-z-kurkuma-do-twarzy-50-ml-000000000000436322.html
Bandi Medical Expert,"przeciwstarzeniowy krem do twarzy SPF50, 50 ml",(43),91.99,91.99,/bandi-przeciwstarzeniowy-krem-do-twarzy-spf50-50-ml-000000000000390631.html
Nivea Creme,"krem uniwersalny, 150 ml",(13),13.29,13.99,/nivea-krem-uniwersalny-150-ml-000000000000218682.html
Bergamo Hyaluronic Acid,"nawilżający krem do twarzy, 50 g",(18),49.99,49.99,/bergamo-nawilzajacy-krem-do-twarzy-50-g-000000000000411831.html
Pharmaceris A Medic Protection,"krem specjalna ochrona do twarzy i ciała SPF100+, 75 ml",(13),85.99,85.99,/pharmaceris-krem-specjalna-ochrona-do-twarzy-i-ciala-spf100-75-ml-000000000000389541.html
Australian Gold,"krem BB do twarzy light z SPF50, 89 ml",(5),148.99,148.99,/australian-gold-krem-bb-do-twarzy-light-z-spf50-89-ml-000000000000414211.html
Miya Cosmetics MyWonderBalm,"odżywczy krem do twarzy z olejkiem z róży, 75 ml",(221),32.99,32.99,/miya-cosmetics-odzywczy-krem-do-twarzy-z-olejkiem-z-rozy-75ml-000000000000294706.html
Nacomi,"krem do twarzy intensywnie nawilżający i przeciwzmarszczkowy na noc 50+, 50 ml",(36),24.59,40.99,/nacomi-krem-do-twarzy-nawilzajacy-przeciwzmarszczkowy-50ml-000000000000277323.html
Bioliq Specialist,"krem na noc redukujący zmiany potrądzikowe, 30 ml",(19),18.89,26.99,/bioliq-krem-na-noc-redukujacy-zmiany-potradzikowe-30ml-000000000000310157.html
Purito Daily Soft Touch,"krem przeciwsłoneczny do twarzy z ceramidami SPF50+ PA++++, 60 ml",,106.9,106.9,/purito-krem-przeciwsloneczny-do-twarzy-z-ceramidami-spf50-pa-60-ml-49693799.html
Bergamo Pure Snail,"krem przeciwzmarszczkowy z ekstraktem ze śluzu ślimaka, 50 ml",(93),62.99,62.99,/bergamo-krem-przeciwzmarszczkowy-z-ekstraktem-ze-sluzu-slimaka-50-ml-000000000000262672.html
Dermika Esthetic Solutions,"przeciwzmarszczkowy krem do twarzy, 50 ml",,39.99,89.99,/dermika-przeciwzmarszczkowy-krem-do-twarzy-50-ml-000000000000413833.html
Tołpa Estetic,"intensywny zabieg korygujący niedoskonałości, 1 zabieg",(33),21.99,21.99,/tolpa-intensywny-zabieg-korygujacy-niedoskonalosci-1-zabieg-000000000000363644.html
AA LAAB,"multiaktywny krem do twarzy na dzień, 40 ml",,39.99,39.99,/aa-multiaktywny-krem-do-twarzy-na-dzien-40-ml-000000000000450254.html
Herla Hydra Plants,"krem do twarzy na noc, 50 ml",(20),139.99,139.99,/herla-krem-do-twarzy-na-noc-50-ml-000000000000378108.html
Bandi Pro Care,"krem kolagenowy do twarzy, 50 ml",(8),59.99,59.99,/bandi-krem-kolagenowy-do-twarzy-50ml-000000000000355277.html
Pureheals Centella 70,"łagodzący krem do twarzy z wąkrotą azjatycką 70%, 50 ml",(105),119.99,119.99,/pureheals-lagodzacy-krem-do-twarzy-z-wakrota-azjatycka-70-50-ml-000000000000310430.html
Tołpa Dermo Face Enzyme,"krem przeciw zaskórnikom do twarzy, 40 ml",(60),27.99,39.99,/tolpa-krem-przeciw-zaskornikom-do-twarzy-40-ml-000000000000377963.html
Dermedic Sunbrella,"krem ochronny do twarzy z problemami naczyniowymi SPF50+, 50 ml",(60),49.99,49.99,/dermedic-krem-ochronny-50g-000000000000245135.html
Ziaja Yego,"nawilżający krem do twarzy, 50 ml",(7),7.99,7.99,/ziaja-nawilzajacy-krem-do-twarzy-50-ml-000000000000221402.html
Dermedic Hydrain3 Hialuro,"krem do twarzy na noc, 50 ml",(8),54.99,69.99,/dermedic-krem-do-twarzy-na-noc-50-ml-000000000000406822.html
Nacomi Dermo,"krem do skóry atopowej, 50 ml",(15),23.59,38.99,/nacomi-krem-do-skory-atopowej-50-ml-000000000000424299.html
Yumi,"wielofunkcyjny żel aloesowy, 50 ml",(4),9.99,9.99,/yumi-wielofunkcyjny-zel-aloesowy-50-ml-000000000000422966.html
Yasumi,"łagodzący krem do twarzy i ciała z filtrem SPF30, 100 ml",(45),38.49,54.99,/yasumi-lagodzacy-krem-do-twarzy-i-ciala-z-filtrem-spf30-100-ml-000000000000382645.html
Resibo Ready To Wear,"zaawansowany krem do twarzy z SPF50, 50 ml",(3),94.99,118.99,/resibo-zaawansowany-krem-do-twarzy-z-spf50-50-ml-000000000000438513.html
Bergamo Cica,"krem z wąkrotką azjatycką do twarzy, 50 g",(21),49.99,49.99,/bergamo-krem-z-wakrotka-azjatycka-do-twarzy-50-g-000000000000411830.html
Tołpa Dermo Face Lumi Filter,"krem do twarzy SPF50, 40 ml",(20),37.99,59.99,/tolpa-krem-do-twarzy-spf50-40-ml-000000000000424648.html
Nacomi Dermo,"uniwersalny krem do twarzy i ciała, 150 ml",(26),20.99,34.99,/nacomi-uniwersalny-krem-do-twarzy-i-ciala-150-ml-000000000000424300.html
Equilibra Sun,"sztyft do twarzy i ciała SPF50+, 10 ml",(3),39.99,39.99,/equilibra-sztyft-do-twarzy-i-ciala-spf50-10-ml-000000000000383789.html
Eveline Cosmetics Gold Lift Expert,"krem napinający kontur oczu i ust 50+/70+, 15 ml",(17),18.69,23.99,/eveline-krem-napinajacy-kontur-oczu-ust-15ml-000000000000312699.html
Holika Holika Black Snail,"krem przeciwzmarszczkowy do twarzy, 50 ml",(64),89.99,129.99,/holika-holika-krem-przeciwzmarszczkowy-do-twarzy-50-ml-000000000000380837.html
Redblocker,"krem do twarzy do skóry naczynkowej na dzień, 50 ml",(7),29.39,29.39,/redblocker-krem-do-twarzy-do-skory-naczynkowej-na-dzien-50ml-000000000000264643.html
Ziaja GdanSkin,"rozświetlający krem do twarzy na dzień SPF15 głęboko nawadniający, 50 ml",(26),12.29,12.29,/ziaja-rozswietlajacy-krem-do-twarzy-na-dzien-spf15-gleboko-nawadniajacy-50-ml-000000000000351269.html
Kolastyna Sun,"ochronny krem do twarzy SPF50+, 50 ml",(1),18.69,18.69,/kolastyna-ochronny-krem-do-twarzy-spf50-50-ml-000000000000413359.html
Cliv,"krem przeciwsłoneczny z kwasem hialuronowym do twarzy SPF50, 35 ml",(32),129.99,129.99,/cliv-krem-przeciwsloneczny-z-kwasem-hialuronowym-do-twarzy-spf50-35-ml-000000000000390504.html
Bielenda Professional Hydra-Hyal2 Injection,"nawadniająco-liftingujący krem z kwasem hialuronowym, 50 ml",(26),51.99,51.99,/bielenda-professional-nawadniajaco-liftingujacy-krem-z-kwasem-hialuronowym-50ml-000000000000301881.html
Nacomi,"krem do twarzy intensywnie nawilżający i spłycający zmarszczki na dzień 50+, 50 ml",(30),22.99,37.99,/nacomi-krem-do-twarzy-splycajacy-zmarszczki-50ml-000000000000275720.html
Tołpa Authentic,"nawilżający krem do twarzy, 40 ml",(72),24.99,24.99,/tolpa-nawilzajacy-krem-do-twarzy-40-ml-000000000000387108.html
Ziaja,"krem do twarzy nawilżający z kwasem hialuronowym 30+, 50 ml",(25),10.29,10.29,/ziaja-krem-do-twarzy-nawilzajacy-z-kwasem-hialuronowym-30-50ml-000000000000234752.html
Only Bio Ritualia,"odmładzający krem do twarzy, 50 ml",,30.99,51.99,/only-bio-odmladzajacy-krem-do-twarzy-50-ml-000000000000438651.html
La Roche-Posay Effaclar Duo,"krem zwalczający niedoskonałości z ochroną SPF30, 40 ml",(49),89.99,89.99,/la-roche-posay-krem-do-twarzy-30ml-000000000000302600.html
Dermika Luxury Neocollagen,"kolagenowy krem do twarzy z filtrem SPF50, 50 ml",(4),59.99,89.99,/dermika-kolagenowy-krem-do-twarzy-z-filtrem-spf50-50-ml-000000000000437909.html
Ziaja med Med.,"przeciwzmarszczkowy krem do twarzy SPF50+, 50 ml",(29),28.99,28.99,/ziaja-med-przeciwzmarszczkowy-krem-do-twarzy-spf50-50-ml-000000000000387434.html
Eveline Cosmetics Egyptian Miracle,"nawilżająco-regenerujący krem-ratunek do twarzy, ciała i włosów, 40 ml",(149),29.99,29.99,/eveline-cosmetics-nawilzajaco-regenerujacy-krem-ratunek-do-twarzy-ciala-i-wlosow-40-ml-000000000000365189.html
Eveline Cosmetics Gold Lift Expert,"krem-serum do twarzy na dzień i na noc 70+, 50 ml",(8),14.69,23.99,/eveline-krem-serum-do-twarzy-na-dzien-na-noc-50ml-000000000000289944.html
Bielenda Kasztan,"krem do twarzy na dzien i noc, 50 ml",(16),11.19,15.99,/bielenda-krem-do-twarzy-na-dzien-i-noc-50-ml-000000000000212654.html
Tołpa Dermo Men Hydro,"intensywnie nawilżający wodny żel, 75 ml",(7),27.29,38.99,/tolpa-intensywnie-nawilzajacy-wodny-zel-75-ml-000000000000362554.html
Sielanka Maki,"nawilżający krem do twarzy, 50 ml",,11.99,11.99,/sielanka-nawilzajacy-krem-do-twarzy-50-ml-000000000000438383.html
Bielenda Złote Ceramidy,"krem przeciwzmarszczkowy na dzień i noc do twarzy 40+, 50 ml",(9),17.49,24.99,/bielenda-krem-przeciwzmarszczkowy-na-dzien-i-noc-do-twarzy-40-50-ml-000000000000401250.html
Ziaja Natural,"lekki krem do twarzy, 50 ml",(15),12.29,12.29,/ziaja-lekki-krem-do-twarzy-50-ml-000000000000411821.html
Bielenda Hydro Lipidium,"wysokolipidowy krem barierowy silnie regenerujący do twarzy, 50 ml",(1),17.99,29.99,/bielenda-wysokolipidowy-krem-barierowy-silnie-regenerujacy-do-twarzy-50-ml-000000000000459600.html
Muldream S.O.S. Vegan Green Mild,"barierowy krem nawilżający do twarzy, 60 ml",(4),54.99,109.99,/muldream-barierowy-krem-nawilzajacy-do-twarzy-60-ml-000000000000431032.html
Mustela,"mleczko z filtrem SPF50+ do twarzy i ciała dla dzieci, 40 ml",(3),35.99,35.99,/mustela-mleczko-z-filtrem-spf50-do-twarzy-i-ciala-dla-dzieci-40-ml-000000000000429521.html
Tołpa Dermo Men Pure,"matujący krem-żel przeciw błyszczeniu, 40 ml",(4),21.69,30.99,/tolpa-matujacy-krem-zel-do-twarzy-nawilzajacy-dla-mezczyzn-40ml-000000000000246539.html
Ziaja Jeju,"biały mus do twarzy, 50 ml",(29),11.99,11.99,/ziaja-bialy-mus-do-twarzy-50-ml-000000000000364580.html
Embryolisse,"odżywczo-nawilżający krem do twarzy, 75 ml",(32),94.99,94.99,/embryolisse-odzywczo-nawilzajacy-krem-do-twarzy-75-ml-000000000000370364.html
Bioliq 35+,"krem przeciw starzeniu się skóry do cery mieszanej 35+, 50 ml",(4),17.49,24.99,/bioliq-krem-przeciw-starzeniu-sie-skory-do-cery-mieszanej-35-50ml-000000000000277753.html
Eveline Cosmetics Beauty&Glow,"odżywczy krem do twarzy na dzień i noc, 75 ml",(44),37.99,37.99,/eveline-cosmetics-odzywczy-krem-do-twarzy-na-dzien-i-noc-75-ml-000000000000401436.html
Janda My Clinic Kriology,"krem na dzień dobry do twarzy 70+, 50 ml",(3),45.49,64.99,/janda-krem-na-dzien-dobry-do-twarzy-70-50-ml-000000000000415215.html
Bandi Sebo Care,"matujący krem-żel nawilżający do twarzy, 50 ml",(11),54.99,54.99,/bandi-matujacy-krem-zel-nawilzajacy-do-twarzy-50-ml-000000000000401478.html
Ziaja Oliwkowy,"krem do twarzy o lekkiej formule do cery suchej i normalnej na dzień i na noc, 200 ml",(17),10.79,10.79,/ziaja-krem-do-twarzy-o-lekkiej-formule-200ml-000000000000215308.html
Pharmaceris R Rosalgin Active+,"ultra aktywny żel na rumień i zmiany grudkowo-krostkowe do twarzy, 30 ml",(8),49.99,64.99,/pharmaceris-ultra-aktywny-zel-na-rumien-i-zmiany-grudkowo-krostkowe-do-twarzy-30-ml-000000000000414471.html
Pureheals Propolis 80,"nawilżająco-łagodzący krem do twarzy z propolisem 80%, 50 ml",(115),99.99,99.99,/pureheals-lagodzacy-krem-do-twarzy-z-propolisem-80-50ml-000000000000310313.html
AA LAAB,"nawilżająco-rozświetlający krem z SPF30 do twarzy, 40 ml",,44.99,44.99,/aa-nawilzajaco-rozswietlajacy-krem-z-spf30-do-twarzy-40-ml-000000000000450249.html
Ziaja Nagietek,"krem do twarzy dla skóry suchej, wrażliwej i normlanej na dzień i na noc, 100 ml",(14),9.99,9.99,/ziaja-krem-do-twarzy-dla-skory-suchej-wrazliwej-i-normlanej-na-dzien-i-na-noc-100-ml-000000000000215294.html
Pharmaceris N Capilar-Tone,"krem tonujący CC SPF30 dla skóry naczynkowej i nadreaktywnej, 40 ml",(14),58.99,58.99,/pharmaceris-krem-tonujacy-cc-spf30-dla-skory-naczynkowej-i-nadreaktywnej-40-ml-000000000000389542.html
Revuele Hydralift Hyaluron,"nawilżający krem-fluid do twarzy na dzień SPF15, 50 ml",(86),11.99,11.99,/revuele-nawilzajacy-krem-fluid-do-twarzy-na-dzien-spf15-50-ml-000000000000322895.html
Bergamo Vitamin,"rozjaśniający krem witaminowy do twarzy, 50 g",(17),49.99,49.99,/bergamo-rozjasniajacy-krem-witaminowy-do-twarzy-50-g-000000000000411832.html
L'biotica Repair Lash,"intensywnie regenerujący krem do rzęs na noc, 7 ml",(36),14.69,20.99,/lbiotica-intensywnie-regenerujacy-krem-do-rzes-na-noc-10ml-000000000000245654.html
Miya Cosmetics mySPFcream,"nawilżający krem do twarzy SPF50+, 40 ml",(109),61.99,61.99,/miya-cosmetics-nawilzajacy-krem-do-twarzy-spf50-40-ml-000000000000385516.html
Mustela Hydra Bebe,"krem do twarzy dla dzieci, 40 ml",(1),19.99,28.99,/mustela-krem-do-twarzy-dla-dzieci-40-ml-000000000000429307.html
L'Oréal Paris Men Expert Hydra Energetic,"nawilżający krem do twarzy przeciw oznakom zmęczenia męski, 50 ml",(13),40.99,50.99,/loreal-paris-men-expert-krem-przeciw-oznakom-zmeczenia-50ml-000000000000219784.html
Ziaja,"wodoodporny krem z filtrem SPF30, 50 ml",(7),15.99,15.99,/ziaja-wodoodporny-krem-z-filtrem-spf30-50-ml-000000000000436750.html
Holika Holika,"wielofunkcyjny żel do skóry i włosów, 250 ml",,59.99,59.99,/holika-holika-wielofunkcyjny-zel-do-skory-i-wlosow-250-ml-000000000000463472.html
Basiclab Protecticus,"lekki krem ochronny z SPF50 do twarzy, 50 ml",(56),139.99,139.99,/basiclab-lekki-krem-ochronny-z-spf50-do-twarzy-50-ml-000000000000379211.html
Vichy Liftactiv B3,"intensywny krem przeciwzmarszczkowy z SPF50, 50 ml",(9),169.99,229.99,/vichy-intensywny-krem-przeciwzmarszczkowy-z-spf50-50-ml-000000000000435397.html
La Roche-Posay Anthelios,"żel-krem do twarzy z filtrem SPF50+, 50 ml",(45),113.99,113.99,/la-roche-posay-zel-krem-do-twarzy-z-filtrem-spf50-50-ml-000000000000312131.html
Lirene Sun,"krem-żel z SPF30 do twarzy, 50 ml",(58),19.99,19.99,/lirene-krem-zel-z-spf30-do-twarzy-50-ml-000000000000370635.html
Pharmaceris W Melacyd,"dermo-ochronny krem wybielający przebarwienia SPF50+ na dzień, 30 ml",(7),53.59,66.99,/pharmaceris-dermo-ochronny-krem-wybielajacy-przebarwienia-spf50-na-dzien-30-ml-000000000000389519.html
Pharmaceris A Hyaluro-Sensilium,"kwas hialuronowy di-2 w wodnym kremie do twarzy, 40 ml",(15),47.19,58.99,/pharmaceris-kwas-hialuronowy-di-2-w-wodnym-kremie-do-twarzy-40-ml-000000000000389546.html
Yoskine Okinawa Green Caviar,"liftingujący krem do twarzy na dzień i na noc 50+, 50 ml",(12),53.99,53.99,/yoskine-krem-do-twarzy-50-50ml-000000000000355292.html
Bielenda Beauty Molecules B5,"molekularny synbiotyczny krem ultranawilżający, 50 ml",(3),19.59,27.99,/bielenda-molekularny-synbiotyczny-krem-ultranawilzajacy-50-ml-000000000000438370.html
Ziaja Naturalnie Pielęgnujemy,"odżywczy krem do twarzy na dzień i noc, 50 ml",(13),12.29,12.29,/ziaja-odzywczy-krem-do-twarzy-na-dzien-i-noc-50-ml-000000000000411825.html
Missha Aqua,"krem przeciwsłoneczny do twarzy z SPF50+ PA++++, 50 ml",(7),99.99,99.99,/missha-krem-przeciwsloneczny-do-twarzy-z-spf50-pa-50-ml-000000000000432618.html
Nivea Men Fresh Gel,"krem-żel do twarzy męski, 150 ml",(21),24.99,33.99,/nivea-krem-zel-do-twarzy-meski-150-ml-000000000000380934.html
Dermika 100% for Men,"wygładzający krem przeciw zmarszczkom do twarzy na dzień i noc 40+ męski, 50 ml",(8),62.99,62.99,/dermika-krem-do-twarzy-40-50ml-000000000000260085.html
Bandi Sebo Care,"krem redukujący niedoskonałości do twarzy na noc, 50 ml",(21),59.99,59.99,/bandi-krem-redukujacy-niedoskonalosci-50ml-000000000000295275.html
Embryolisse,"kryjący krem CC do twarzy SPF20, 30 ml",(10),129.99,129.99,/embryolisse-kryjacy-krem-cc-do-twarzy-spf20-30-ml-000000000000370365.html
Eveline Cosmetics Gold Revita Expert 30+,"luksusowy wygładzający krem-serum z 24k złotem 30+, 50 ml",(15),18.29,23.99,/eveline-30-krem-ultra-wygladzajacy-do-twarzy-50ml-000000000000312686.html
Miya Cosmetics MyWonderBalm,"nawilżająco-odżywczy krem z masłem mango do twarzy, 75 ml",(109),32.99,32.99,/miya-cosmetics-krem-nawilzajaco-odzywczy-z-maslem-mango-75ml-000000000000294705.html
Yumi Hyalu Lover,"krem-sorbet do twarzy, 50 ml",(82),29.99,29.99,/yumi-krem-sorbet-do-twarzy-50-ml-000000000000401354.html
Bandi Anti Dry,"kremowa kuracja nawilżająco-naprawcza do twarzy, 50 ml",(20),71.99,71.99,/bandi-kremowa-kuracja-nawilzajaco-naprawcza-do-twarzy-50ml-000000000000298022.html
Momme MomMe,"ochronny parasol od słonka SPF50, 50 ml",(9),51.99,64.99,/momme-ochronny-parasol-od-slonka-spf50-50-ml-000000000000387091.html
Bielenda Professional SupremeLab,"przeciwzmarszczkowy krem z kompleksem peptydów, 50 ml",(21),74.99,74.99,/bielenda-professional-przeciwzmarszczkowy-krem-z-kompleksem-peptydow-50-ml-000000000000363874.html
Nacomi Yoga,"krem do twarzy, 50 ml",(14),21.59,35.99,/nacomi-krem-do-twarzy-50-ml-000000000000423704.html
Bandi Delicate Care,"krem nawilżający z algami do twarzy, 50 ml",(1),38.39,47.99,/bandi-krem-nawilzajacy-z-algami-do-twarzy-50-ml-000000000000434674.html
Avène Cicalfate+,"regenerujący krem ochronny, 40 ml",(6),49.99,49.99,/avene-regenerujacy-krem-ochronny-40-ml-000000000000371749.html
Equilibra Aloe,"wielofunkcyjny żel do twarzy i całego ciała, 75 ml",,15.99,23.99,/equilibra-zel-do-twarzy-75ml-000000000000304811.html
Dermedic Hydrain3,"nawilżający krem do twarzy, 50 ml",(11),55.99,69.99,/dermedic-nawilzajacy-krem-do-twarzy-50-ml-000000000000414577.html
Sielanka Fiołek,"normalizujący krem do twarzy, 50 ml",(1),11.99,11.99,/sielanka-normalizujacy-krem-do-twarzy-50-ml-000000000000438378.html
Bandi Well Aging,"aksamitnie nawilżający krem do twarzy, 50 ml",(5),74.99,74.99,/bandi-aksamitnie-nawilzajacy-krem-do-twarzy-50-ml-000000000000412782.html
Benton Mineral Sun Cream,"krem przeciwsłoneczny do twarzy z SPF50+ PA++++, 50 ml",(1),99.99,99.99,/benton-krem-przeciwsloneczny-do-twarzy-z-spf50-pa-50-ml-000000000000427912.html
Bandi Sebo Care,"ochronny krem nawilżający do twarzy SPF20, 50 ml",(34),59.99,59.99,/bandi-ochronny-krem-nawilzajacy-spf-20-50ml-000000000000295326.html
Bielenda B12,"witaminowy dwufazowy krem+serum do twarzy, 50 ml",,19.19,31.99,/bielenda-witaminowy-dwufazowy-kremserum-do-twarzy-50-ml-000000000000450272.html
Tołpa Estetic,"intensywny zabieg odmładzający, 1 zabieg",(9),21.99,21.99,/tolpa-intensywny-zabieg-odmladzajacy-1-zabieg-000000000000363641.html
Ziaja Kozie Mleko,"odżywczo-wygładzający krem do cery suchej i skłonnej do zmarszczek na dzień i noc, 50 ml",(15),9.79,9.79,/ziaja-odzywczo-wygladzajacy-krem-do-cery-suchej-i-sklonnej-do-zmarszczek-na-dzien-i-noc-50-ml-000000000000215290.html
Eveline Cosmetics Gold Lift Expert,"multi-odżywczy krem-serum z 24k złotem do twarzy 50+, 50 ml",(10),18.29,23.99,/eveline-krem-serum-do-twarzy-na-dzien-na-noc-50ml-000000000000289966.html
Bambino Dla niemowląt,"krem ochronny + kojący z tlenkiem cynku, 150 ml",,10.99,10.99,/bambino-krem-ochronny-z-tlenkiem-cynku-dla-dzieci-150ml-000000000000218620.html
Bielenda Ujędrniające Peptydy,"ujędrniająco-liftingujący krem przeciwzmarszczkowy do twarzy 50+, 50 ml",(5),20.99,29.99,/bielenda-ujedrniajaco-liftingujacy-krem-przeciwzmarszczkowy-do-twarzy-50-50-ml-000000000000436299.html
Ziaja Yego,"przeciwzmarszczkowy krem do twarzy, 50 ml",(5),9.99,9.99,/ziaja-krem-przeciw-zmarszczkom-do-twarzy-50ml-000000000000221401.html
Tołpa Dermo Face Lipidro,"odżywczy krem-olejek regenerujący, bogaty, noc, 40 ml",(53),43.99,43.99,/tolpa-krem-do-twarzy-40ml-000000000000286072.html
Mediheal,"żel do twarzy i ciała, 255 ml",(39),39.99,39.99,/mediheal-zel-do-twarzy-i-ciala-255-ml-000000000000379416.html
Pharmaceris S,"krem o szerokopasmowej ochronie z SPF50+, 50 ml",(17),51.99,51.99,/pharmaceris-krem-o-szerokopasmowej-ochronie-z-spf50-50-ml-000000000000411477.html
Holika Holika,"wielofunkcyjny żel do skóry i włosów, 55 ml",,27.99,27.99,/holika-holika-wielofunkcyjny-zel-do-skory-i-wlosow-55-ml-000000000000463503.html
Cliv Premium,"liftingujący krem do twarzy, 50 ml",(3),139.99,139.99,/cliv-liftingujacy-krem-do-twarzy-50-ml-000000000000429295.html
Ziaja med,"krem do twarzy, 50 ml",(14),22.99,22.99,/ziaja-med-krem-do-twarzy-50-ml-000000000000249301.html
Nivea Men Sensitive,"łagodzący krem nawilżający do twarzy męski, 75 ml",(2),17.49,33.99,/nivea-lagodzacy-krem-nawilzajacy-do-twarzy-meski-75-ml-000000000000218817.html
Nacomi Argan Oil,"intensywnie nawilżający krem do twarzy z kwasem hialuronowym na noc 30+, 50 ml",(38),23.99,39.99,/nacomi-krem-do-twarzy-nawilzajacy-z-kwasem-hialuronowym-50ml-000000000000277322.html
Dermedic Melumin,"krem-koncentrat na przebarwienia do twarzy na noc, 50 ml",(5),59.99,89.99,/dermedic-krem-koncentrat-na-przebarwienia-do-twarzy-na-noc-50-ml-000000000000432882.html
Bioderma Cicabio Créme,"krem regenerująco-łagodzący, 40 ml",(28),69.99,69.99,/bioderma-krem-regenerujaco-lagodzacy-40-ml-000000000000225299.html
Ziaja med,"nawilżający krem do twarzy, 50 ml",(4),17.59,21.99,/ziaja-med-nawilzajacy-krem-do-twarzy-50-ml-000000000000264894.html
Dermika Neocollagen,"krem naprawczy do redukcji zmarszczek i bruzd na dzień i noc 60+, 50 ml",(3),69.99,69.99,/dermika-krem-do-twarzy-60-50ml-000000000000256627.html
Floslek Sun,"krem do twarzy dla cery tłustej i mieszanej SPF50+, 50 ml",(14),45.99,45.99,/floslek-krem-do-twarzy-dla-cery-tlustej-i-mieszanej-spf50-50-ml-000000000000383840.html
La Roche-Posay Effeclar Mat,"regulujący matujący krem nawilżający do twarzy, 40 ml",(20),84.99,84.99,/la-roche-posay-krem-do-twarzy-40ml-000000000000239457.html
Ziaja Yego Sensitive,"nawilżający krem do twarzy, 50 ml",(4),9.49,9.49,/ziaja-krem-do-twarzy-50ml-000000000000294064.html
Dermika 100% for Men,"silnie nawilżający krem rewitalizujący na dzień i noc 30+ męski, 50 ml",(3),41.99,62.99,/dermika-krem-do-twarzy-30-50ml-000000000000260084.html
Bielenda Ujędrniające Peptydy,"ujędrniająco-naprawczy krem przeciwzmarszczkowy do twarzy 60+, 50 ml",,20.99,29.99,/bielenda-ujedrniajaco-naprawczy-krem-przeciwzmarszczkowy-do-twarzy-60-50-ml-000000000000436301.html
Bioderma Sensibio Defensive Rich,"krem do twarzy, 40 ml",(10),79.99,79.99,/bioderma-krem-do-twarzy-40-ml-000000000000407568.html
Purito Daily Go-To Sunscreen,"codzienny krem przeciwsłoneczny do twarzy SPF50+ PA++++, 60 ml",(1),106.9,106.9,/purito-codzienny-krem-przeciwsloneczny-do-twarzy-spf50-pa-60-ml-47366391.html
Dermika Neocollagen,"krem-maska do twarzy do silnej regeneracji skóry i spłycania zmarszczek, 50 ml",(5),69.99,69.99,/dermika-krem-maska-do-twarzy-do-splycania-zmarszczek-50ml-000000000000256630.html
AA Men Advanced Care,"przeciwzmarszczkowy krem do twarzy 40+ męski, 50 ml",(6),24.99,24.99,/aa-przeciwzmarszczkowy-krem-do-twarzy-40-meski-50-ml-000000000000301933.html
Garnier Vitamin C,"rozświetlający krem z witaminą C do twarzy na dzień, 50 ml",(7),23.09,32.99,/garnier-rozswietlajacy-krem-z-witamina-c-do-twarzy-na-dzien-50-ml-000000000000415338.html
Cliv,"nawadniający krem do twarzy, 50 ml",(14),139.99,139.99,/cliv-nawadniajacy-krem-do-twarzy-50-ml-000000000000420807.html
Bioderma Sébium Mat Control,"krem matujący do twarzy, 30 ml",(11),54.99,54.99,/bioderma-krem-matujacy-do-twarzy-30-ml-000000000000427862.html
La Roche-Posay Toleriane Rosaliac,"nawilżający krem do twarzy z SPF30, 50 ml",(5),95.99,119.99,/la-roche-posay-nawilzajacy-krem-do-twarzy-z-spf30-50-ml-000000000000447708.html
Skin1004 Madagascar Centella Hyalu-Cica,"lekki nawilżający krem przeciwsłoneczny SPF50+ PA++++, 50 ml",,129.9,129.9,/skin1004-lekki-nawilzajacy-krem-przeciwsloneczny-spf50-pa-50-ml-47366436.html
La Roche-Posay Anthelios,"spray ochronny z filtrem dla dzieci SPF50+, 200 ml",(44),129.99,129.99,/la-roche-posay-spray-ochronny-z-filtrem-dla-dzieci-spf50-200-ml-000000000000383420.html
Ziaja Baltic Home Spa Witalizacja,"odżywczy krem-maska do twarzy, 50 ml",(8),12.49,12.49,/ziaja-odzywczy-krem-maska-do-twarzy-50-ml-000000000000415352.html
Eveline Cosmetics Gold Lift Expert,"odmładzający krem-serum do twarzy na dzień i noc 60+, 50 ml",(18),18.29,23.99,/eveline-60-krem-do-twarzy-na-dzien-na-noc-50ml-000000000000289967.html
Bandi Hydro Care,"krem odżywczo-nawilżający do twarzy, 50 ml",(10),64.99,64.99,/bandi-krem-odzywczo-nawilzajacy-do-twarzy-50-ml-000000000000363878.html
Nacomi Argan Oil,"intensywnie nawilżający krem do twarzy z witaminą E na dzień 30+, 50 ml",(54),20.99,34.99,/nacomi-krem-do-twarzy-nawilzajacy-z-witamina-e-na-dzien-30-50ml-000000000000275719.html
Bandi Anti Irritate,"mineralny krem ochronny do twarzy SPF30, 30 ml",(30),53.99,67.99,/bandi-mineralny-krem-ochronny-do-twarzy-spf30-30-ml-000000000000371309.html
Ziaja Baltic Home Spa Welness,"lekki krem liftingujący do twarzy, 50 ml",(9),12.29,12.29,/ziaja-lekki-krem-liftingujacy-do-twarzy-50-ml-000000000000415349.html
Bandi Young Glow,"krem-pudding intensywnie nawilżający do twarzy, 50 ml",(28),47.99,47.99,/bandi-krem-pudding-intensywnie-nawilzajacy-do-twarzy-50-ml-000000000000378438.html
Cetaphil Pro Oil Control,"krem nawilżająco-matujący do twarzy SPF30, 118 ml",(25),74.99,84.99,/cetaphil-krem-nawilzajaco-matujacy-do-twarzy-spf30-118-ml-000000000000384533.html
Solverx Age Reset,"krem-maska do twarzy na noc, 50 ml",(4),55.99,79.99,/solverx-krem-maska-do-twarzy-na-noc-50-ml-000000000000429720.html
Eveline Cosmetics C-Perfection,"przeciwzmarszczkowy krem do twarzy 40+, 50 ml",(4),39.99,39.99,/eveline-cosmetics-przeciwzmarszczkowy-krem-do-twarzy-40-50-ml-000000000000401403.html
Prreti Pure White Milk,"rozjaśniający krem do twarzy z proteinami mleka na dzień, 50 g",(46),31.99,31.99,/prreti-rozjasniajacy-krem-do-twarzy-z-proteinami-mleka-na-dzien-50g-000000000000298879.html
Ziaja med,"krem redukujący przebarwienia do twarzy, 30 ml",(3),19.99,19.99,/ziaja-med-krem-redukujacy-przebarwienia-do-twarzy-30-ml-000000000000249891.html
Yumi Niaci Guru,"krem-sorbet do twarzy, 50 ml",(41),29.99,29.99,/yumi-krem-sorbet-do-twarzy-50-ml-000000000000401350.html
Miya Cosmetics BEAUTY.lab,"liftingujący krem z roślinnym retinolem do twarzy, 40 ml",(34),49.99,49.99,/miya-cosmetics-liftingujacy-krem-z-roslinnym-retinolem-do-twarzy-40-ml-000000000000406940.html
Tołpa Green Men,"nawilżający krem łagodzący, 50 ml",(12),21.99,21.99,/tolpa-nawilzajacy-krem-lagodzacy-50-ml-000000000000278338.html
Avène Cicalfate+,"regenerujący krem ochronny, 100 ml",(11),79.99,79.99,/avene-regenerujacy-krem-ochronny-100-ml-000000000000371755.html
Dermika Neocollagen,"multikolagenowy krem wzmacniający do redukcji zmarszczek na dzień i noc 50+, 50 ml",(5),69.99,69.99,/dermika-krem-do-twarzy-50-50ml-000000000000256626.html
Bioderma Sensibio AR BB Cream,"krem BB do skóry z problemami naczynkowymi z SPF30, 40 ml",(18),83.99,119.99,/bioderma-krem-bb-do-skory-z-problemami-naczynkowymi-40ml-000000000000248837.html
Tołpa Dermo Face Lumi Filter,"krem do twarzy SPF50, 40 ml",(7),37.99,59.99,/tolpa-krem-do-twarzy-spf50-40-ml-000000000000424658.html
Yasumi M2 For Men,"krem-żel po goleniu do twarzy, 75 ml",(13),34.99,54.99,/yasumi-krem-zel-do-twarzy-75ml-000000000000322513.html
Physiogel Codzienne Nawilżanie,"krem do skóry suchej i wrażliwej, 75 ml",,75.99,75.99,/physiogel-krem-do-skory-suchej-i-wrazliwej-75-ml-50703602.html
Dermedic Oilage,"odżywczy krem do twarzy na dzień, 50 g",(15),55.99,69.99,/dermedic-odzywczy-krem-do-twarzy-na-dzien-50g-000000000000306970.html
Nivea Men Protect & Care,"intensywnie nawilżający krem do twarzy z aloesem męski, 50 ml",(2),24.99,34.99,/nivea-men-intensywnie-nawilzajacy-krem-do-twarzy-z-aloesem-dla-mezczyzn-50ml-000000000000218819.html
Bioliq 45+,"krem ujędrniająco-wygładzający na dzień 45+, 50 ml",(6),18.89,26.99,/bioliq-krem-ujedrniajaco-wygladzajacy-na-dzien-45-50ml-000000000000278206.html
Sielanka,"krem dobry na wszystko do twarzy, ciała, dłoni i paznokci, 50 ml",(4),4.79,7.99,/sielanka-krem-dobry-na-wszystko-do-twarzy-ciala-dloni-i-paznokci-50-ml-000000000000450250.html
Nivea Soft,"krem do twarzy i ciała dla dzieci księżniczka, 100 ml",(3),9.99,12.99,/nivea-krem-do-twarzy-i-ciala-dla-dzieci-ksiezniczka-100-ml-000000000000423638.html
Herla Hydra Plants,"krem do twarzy na dzień, 50 ml",(8),139.99,139.99,/herla-krem-do-twarzy-na-dzien-50-ml-000000000000378093.html
Sielanka Konwalia,"regenerujący krem do twarzy, 50 ml",,11.99,11.99,/sielanka-regenerujacy-krem-do-twarzy-50-ml-000000000000438403.html
Bielenda Vegan Muesli,"matujący krem do twarzy na dzień i noc, 50 ml",(5),15.39,21.99,/bielenda-matujacy-krem-do-twarzy-na-dzien-i-noc-50-ml-000000000000367318.html
Bandi Well Aging,"intensywna kuracja młodości do twarzy, 50 ml",(2),79.99,79.99,/bandi-intensywna-kuracja-mlodosci-do-twarzy-50-ml-000000000000412781.html
Equilibra Sun,"krem do twarzy SPF50+, 75 ml",(50),34.99,34.99,/equilibra-krem-do-twarzy-spf50-75-ml-000000000000383785.html
Holika Holika,"rozświetlający krem BB SPF45 PA++, 30 ml",(35),47.99,47.99,/holika-holika-rozswietlajacy-krem-bb-spf45-pa-30-ml-000000000000376326.html
Orientana Hello Daktyl,"odżywczy krem do twarzy, 40 ml",,20.99,29.99,/orientana-odzywczy-krem-do-twarzy-40-ml-000000000000438537.html
Ziaja med Med.,"krem do cery naczynkowej SPF50+, 50 ml",(11),28.99,28.99,/ziaja-med-krem-do-cery-naczynkowej-spf50-50-ml-000000000000387432.html
Faceboom,"matująco-detoksykujący krem do twarzy na dzień i noc, 50 ml",(82),19.59,26.99,/faceboom-matujaco-detoksykujacy-krem-do-twarzy-na-dzien-i-noc-50-ml-000000000000371912.html
Nacomi Glass Skin,"nawilżający krem do twarzy na dzień, 40 ml",(9),21.59,35.99,/nacomi-nawilzajacy-krem-do-twarzy-na-dzien-40-ml-000000000000433320.html
Only Bio Ritualia,"krem do twarzy na noc, 50 ml",,23.99,39.99,/only-bio-krem-do-twarzy-na-noc-50-ml-000000000000438667.html
Janda My Clinic Kriology,"krem na dzień dobry do twarzy 50+, 50 ml",(3),45.49,64.99,/janda-krem-na-dzien-dobry-do-twarzy-50-50-ml-000000000000415212.html
Bandi Veno Care,"krem redukujący zaczerwienienia do twarzy, 50 ml",(13),64.99,64.99,/bandi-krem-redukujacy-zaczerwienienia-do-twarzy-50-ml-000000000000351187.html
Janda My Clinic Kriology,"krem na dzień dobry do twarzy 60+, 50 ml",(5),45.49,64.99,/janda-krem-na-dzien-dobry-do-twarzy-60-50-ml-000000000000415214.html
Ziaja,"przeciwzmarszczkowy krem do cery dojrzałej z koenzymem Q10 i retinolem, 50 ml",(15),9.79,9.79,/ziaja-przeciwzmarszczkowy-krem-do-cery-dojrzalej-z-koenzymem-q10-i-retinolem-50-ml-000000000000299063.html
L'Oréal Paris Revitalift Filler,"przeciwzmarszczkowy krem do twarzy, 50 ml",(8),79.99,97.99,/loreal-paris-przeciwzmarszczkowy-krem-do-twarzy-50-ml-000000000000434917.html
Sielanka Róża,"przeciwzmarszczkowy krem do twarzy, 50 ml",,11.99,11.99,/sielanka-przeciwzmarszczkowy-krem-do-twarzy-50-ml-000000000000438398.html
Orientana,"krem do twarzy z żeń-szeń indyjski na dzień i noc, 40 g",(61),31.49,45.99,/orientana-krem-do-twarzy-z-zen-szen-indyjski-na-dzien-i-noc-40-g-000000000000275781.html
Cetaphil Pro Itch Control,"balsam do nawilżania twarzy, 295 ml",(5),49.99,57.99,/cetaphil-balsam-do-nawilzania-twarzy-295-ml-000000000000384535.html
Revox Just,"krem do twarzy, 30 ml",(1),14.69,20.99,/revox-krem-do-twarzy-30-ml-000000000000436912.html
Derma Sun Anti-Age,"ochronny krem do twarzy SPF50, 50 ml",(1),62.99,62.99,/derma-ochronny-krem-do-twarzy-spf50-50-ml-000000000000413387.html
Basiclab Masculis Men,"lekki krem antyoksydacyjny do twarzy z SPF30, 50 ml",,109.99,139.99,/basiclab-lekki-krem-antyoksydacyjny-do-twarzy-z-spf30-50-ml-000000000000447635.html
Revuele Hydralift Hyaluron,"krem-fluid do twarzy na noc, 50 ml",(34),11.99,11.99,/revuele-krem-fluid-do-twarzy-na-noc-50ml-000000000000322894.html
Bielenda Only For Men Barber,"żel-booster do twarzy, 30 ml",(3),12.89,21.49,/bielenda-zel-booster-do-twarzy-30-ml-000000000000405426.html
L'Oréal Paris Revitalift,"przeciwstarzeniowy krem do twarzy SPF50, 50 ml",(26),47.99,55.99,/loreal-paris-przeciwstarzeniowy-krem-do-twarzy-spf50-50-ml-000000000000406711.html
Holika Holika Sun Cream,"tonujący krem przeciwsłoneczny z SPF50 PA+++ do twarzy, 60 ml",(2),109.99,109.99,/holika-holika-tonujacy-krem-przeciwsloneczny-z-spf50-pa-do-twarzy-60-ml-000000000000424292.html
L'Oréal Paris Men Expert Hydra 24H,"intensywnie nawilżający krem do twarzy męski, 50 ml",(2),27.99,34.99,/loreal-paris-men-expert-intensywnie-nawilzajacy-krem-do-twarzy-50ml-000000000000275083.html
Bandi Anti Aging,"kremowa kuracja przeciw zmarszczkom, 50 ml",(11),91.99,91.99,/bandi-kremowa-kuracja-przeciw-zmarszczkom-50ml-000000000000281634.html
Miya Cosmetics MyWonderBalm,"krem do twarzy intensywnie nawilżający z olejkiem kokosowym, 75 ml",(132),32.99,32.99,/miya-cosmetics-krem-do-twarzy-intensywnie-nawilzajacy-z-olejkiem-kokosowym-75ml-000000000000294704.html
Bielenda Ujędrniające Peptydy,"ujędrniająco-nawilżający krem przeciwzmarszczkowy do twarzy 40+, 50 ml",(3),20.99,29.99,/bielenda-ujedrniajaco-nawilzajacy-krem-przeciwzmarszczkowy-do-twarzy-40-50-ml-000000000000436298.html
Pharmaceris S,"mineralny spray ochronny do twarzy i ciała z SPF50+, 100 ml",(10),59.99,59.99,/pharmaceris-mineralny-spray-ochronny-do-twarzy-i-ciala-z-spf50-100-ml-000000000000411479.html
Bielenda Cera naczynkowa,"krem do twarzy redukujący zaczerwienienia, 50 ml",(7),18.19,24.99,/bielenda-krem-do-twarzy-redukujacy-zaczerwienienia-50-ml-000000000000362479.html
Ziaja Sopot Sun,"krem przeciw zmarszczkom SPF30 do twarzy, 60 ml",(19),16.99,16.99,/ziaja-krem-przeciwzmarszczkowy-spf30-60ml-000000000000257053.html
Dermedic Sunbrella,"wodoodporne mleczko ochronne dla dzieci SPF50, 100 g",(4),69.99,69.99,/dermedic-mleczko-ochronne-do-ciala-100g-000000000000245170.html
Lirene Caramel,"samoopalający żel do twarzy, 75 ml",(16),19.49,19.49,/lirene-samoopalajacy-zel-do-twarzy-75-ml-000000000000381723.html
L'Oréal Paris Hyaluron Specialist,"krem maska do twarzy na noc, 50 ml",(19),25.29,38.99,/loreal-paris-krem-maska-do-twarzy-na-noc-50-ml-000000000000368104.html
Pharmaceris T Sebo-Moistatic,"krem nawilżająco-kojący SPF30 do twarzy w trakcie i po kuracjach przeciwtrądzikowych,50 ml",(24),61.99,61.99,/pharmaceris-krem-nawilzajaco-kojacy-spf30-do-twarzy-w-trakcie-i-po-kuracjach-przeciwtradzikowych50-ml-000000000000225470.html
Revox Help Anti Redness,"krem przeciw zaczerwienieniom do twarzy, 30 ml",(2),13.99,19.99,/revox-krem-przeciw-zaczerwienieniom-do-twarzy-30-ml-000000000000436781.html
Mustela Cicastela,"regenerujący krem dla dzieci, 40 ml",(2),31.99,31.99,/mustela-regenerujacy-krem-dla-dzieci-40-ml-000000000000429509.html
La Roche-Posay Cicaplast B5,"kojący balsam regenerujący z SPF50, 40 ml",(11),74.99,74.99,/la-roche-posay-balsam-do-ciala-40ml-000000000000302591.html
Iwostin Solecrin,"krem BB do twarzy SPF50+, 30 ml",(15),51.99,51.99,/iwostin-krem-bb-do-twarzy-spf50-30-ml-000000000000384776.html
Pharmaceris T Comedo Acne,"krem przeciw zaskórnikom odblokowuje i zwęża pory, 40 ml",(21),56.99,56.99,/pharmaceris-krem-przeciw-zaskornikom-odblokowuje-i-zweza-pory-40-ml-000000000000389535.html
Tołpa Dermo Face Modelar 50+,"krem modelujący owal twarzy na dzień z SPF15, 40 ml",(10),59.99,59.99,/tolpa-krem-do-twarzy-40ml-000000000000226728.html
Dermedic Melumin,"ochronny krem rozjaśniający do twarzy z SPF50+, 50 ml",,59.99,89.99,/dermedic-ochronny-krem-rozjasniajacy-do-twarzy-z-spf50-50-ml-000000000000432878.html
Nivea Cellular Luminous 630,"krem do twarzy przeciw przebarwieniom na noc, 50 ml",(3),62.99,86.99,/nivea-krem-do-twarzy-przeciw-przebarwieniom-na-noc-50-ml-000000000000406885.html
Ziaja med,"krem wyciszający rumień do twarzy, 50 ml",(8),21.99,21.99,/ziaja-med-krem-wyciszajacy-rumien-do-twarzy-50-ml-000000000000249918.html
Nacomi Baby,"nawilżający krem do twarzy, 50 ml",(13),12.59,19.99,/nacomi-nawilzajacy-krem-do-twarzy-50-ml-000000000000385648.html
iUNIK Centella,"kojący krem do twarzy z wąkrotką azjatycką, 60 ml",,69.9,69.9,/iunik-kojacy-krem-do-twarzy-z-wakrotka-azjatycka-60-ml-54532306.html
Feel Free Nawilżanie,"nawilżający krem do twarzy na dzień, 50 ml",(73),17.49,24.99,/feel-free-nawilzajacy-krem-do-twarzy-na-dzien-50-ml-000000000000312607.html
Yasumi,"krem głęboko nawilżający do twarzy, 50 ml",(8),65.79,93.99,/yasumi-krem-gleboko-nawilzajacy-do-twarzy-50-ml-000000000000384082.html
Nivea Cellular,"duopack: przeciwzmarszczkowy krem do twarzy, 2x50 ml",(15),67.49,74.99,/nivea-duopack-przeciwzmarszczkowy-krem-do-twarzy-2x50-ml-000000000000413800.html
Bandi Veno Care,"krem wyrównujący koloryt do twarzy, 30 ml",(10),54.99,54.99,/bandi-krem-wyrownujacy-koloryt-do-twarzy-30-ml-000000000000351190.html
Bandi Hydro Care,"całonocna kuracja nawilżająco-łagodząca do twarzy, 75 ml",(11),74.99,74.99,/bandi-calonocna-kuracja-nawilzajaco-lagodzaca-do-twarzy-75-ml-000000000000363880.html
Cetaphil PRO Redness Control,"krem do twarzy na dzień SPF30, 50 ml",(6),89.99,104.99,/cetaphil-krem-do-twarzy-na-dzien-spf30-50-ml-000000000000384531.html
La Roche-Posay Anthelios UVmune 400,"krem nawilżający do twarzy z filtrem SPF50+, 50 ml",(15),113.99,113.99,/la-roche-posay-krem-nawilzajacy-do-twarzy-z-filtrem-spf50-50-ml-000000000000411846.html
Bielenda Professional S.O.S,"wzmacniający krem do skóry naczynkowej z rutyną i witaminą C, 50 ml",(8),48.99,48.99,/bielenda-professional-krem-do-skory-naczynkowej-50ml-000000000000301880.html
Yasumi Rice,"odżywczy krem do twarzy na dzień i noc, 50 ml",(29),62.99,89.99,/yasumi-krem-do-twarzy-50ml-000000000000300028.html
Dermedic Redness,"bogaty krem do twarzy, 40 ml",(1),48.99,69.99,/dermedic-bogaty-krem-do-twarzy-40-ml-000000000000411458.html
Ziaja med,"natłuszczający krem, 50 ml",(10),17.59,21.99,/ziaja-med-natluszczajacy-krem-50-ml-000000000000264965.html
Bandi Sebo Care PMF POREfectionist,"emulsja zwężająca pory do twarzy, 50 ml",(13),57.99,57.99,/bandi-emulsja-zwezajaca-pory-50ml-000000000000295868.html
Bielenda Diamentowe Lipidy,"przeciwzmarszczkowy krem do twarzy 50+, 50 ml",(8),20.99,28.99,/bielenda-przeciwzmarszczkowy-krem-do-twarzy-50-50-ml-000000000000422520.html
Nivea Q10 Plus,"duopack: przeciwzmarszczkowy krem do twarzy, 2x50 ml",(15),62.99,69.99,/nivea-duopack-przeciwzmarszczkowy-krem-do-twarzy-2x50-ml-000000000000413804.html
Faceboom,"nawilżająco-kojący hydro krem do twarzy, 50 ml",(77),19.59,26.99,/faceboom-nawilzajaco-kojacy-hydro-krem-do-twarzy-50-ml-000000000000371928.html
Bioderma Hydrabio Créme,"krem głęboko nawilżający o bogatej konsystencji do twarzy, 50 ml",(25),69.99,99.99,/bioderma-krem-do-twarzy-50ml-000000000000286346.html
Dermika Neocollagen,"multikolagenowy krem odżywczy do redukcji zmarszczek na dzień i noc 70+, 50 ml",(2),69.99,69.99,/dermika-krem-do-twarzy-70-50ml-000000000000256628.html
La Roche-Posay Effaclar Duo Unifiant,"tonujący krem zwalczający niedoskonałości do twarzy, 40 ml",(22),89.99,89.99,/la-roche-posay-krem-do-twarzy-40ml-000000000000302595.html
Ziaja,"łagodząco-ochronny krem z olejem arganowym do twarzy na dzień i na noc do skóry bardzo suchej i podrażnionej, 75 ml",(10),10.99,10.99,/ziaja-krem-arganowy-do-twarzy-na-dzien-na-noc-75ml-000000000000252790.html
Orientana Hello Daktyl,"krem-maska do twarzy na noc, 40 ml",(1),20.99,29.99,/orientana-krem-maska-do-twarzy-na-noc-40-ml-000000000000438534.html
Nivea Men Protect & Care,"nawilżający krem do twarzy męski, 75 ml",(1),17.49,33.99,/nivea-men-krem-do-twarzy-75ml-000000000000218818.html
Pure By Clochee Super Foods,"matujący krem z witaminami do twarzy, 50 ml",,41.99,59.99,/pure-by-clochee-matujacy-krem-z-witaminami-do-twarzy-50-ml-000000000000424726.html
Bielenda Złote Ceramidy,"krem przeciwzmarszczkowy na dzień i noc do twarzy 70+, 50 ml",(4),18.19,24.99,/bielenda-krem-przeciwzmarszczkowy-na-dzien-i-noc-do-twarzy-70-50-ml-000000000000401247.html
Weleda Skin Food,"odżywczy krem do twarzy na dzień, 40 ml",,85.99,85.99,/weleda-odzywczy-krem-do-twarzy-na-dzien-40-ml-000000000000438023.html
Emotopic MED+,"specjalny krem natłuszczający na twarz, powieki i ciało do codziennego stosowania, 75 ml",(11),36.99,36.99,/emotopic-specjalny-krem-natluszczajacy-na-twarz-powieki-i-cialo-do-codziennego-stosowania-75-ml-000000000000389694.html
Bergamo Luxury Caviar,"krem przeciwzmarszczkowy z kawiorem do twarzy, 50 g",(32),62.99,62.99,/bergamo-krem-przeciwzmarszczkowy-z-kawiorem-do-twarzy-50-g-000000000000262753.html
Nivea Men Sensitive,"nawilżający krem do twarzy dla mężczyzn do skóry wrażliwej, 50 ml",(4),24.99,34.99,/nivea-nawilzajacy-krem-do-twarzy-dla-mezczyzn-do-skory-wrazliwej-50-ml-000000000000368982.html
Bioderma Sébium Kerato+,"krem-żel do twarzy przeciwtrądzikowy, 30 ml",(8),55.99,79.99,/bioderma-krem-zel-do-twarzy-przeciwtradzikowy-30-ml-000000000000427864.html
Facemania Vitamin C,"rozjaśniający krem do twarzy z witaminą C, 50 ml",(11),27.99,39.99,/facemania-rozjasniajacy-krem-do-twarzy-z-witamina-c-50-ml-000000000000352545.html
Iwostin Solecrin,"krem na przebarwienia do twarzy SPF50+, 50 ml",(10),49.99,67.99,/iwostin-krem-na-przebarwienia-do-twarzy-spf50-50-ml-000000000000384761.html
Ziaja Kozie Mleko,"krem nawilżający do twarzy dla cery suchej i skłonna do zmarszczek na dzień i na noc, 50 ml",(11),11.29,11.29,/ziaja-krem-nawilzajacy-do-twarzy-dla-cery-suchej-i-sklonna-do-zmarszczek-na-dzien-i-na-noc-50-ml-000000000000215289.html
Lirene C+E,"rewitalizujący krem do twarzy, 50 ml",(5),28.99,28.99,/lirene-rewitalizujacy-krem-do-twarzy-50-ml-000000000000424325.html
Ziaja med,"krem naprawczy do twarzy, 80 ml",(9),28.99,28.99,/ziaja-med-krem-naprawczy-do-twarzy-80-ml-000000000000249302.html
Soqu Vitamin C,"rozświetlający krem z koenzymem Q10 do twarzy, 70 g",(17),72.99,72.99,/soqu-rozswietlajacy-krem-z-koenzymem-q10-do-twarzy-70-g-000000000000390513.html
Nacomi Baby,"krem na każdą pogodę SPF50, 50 ml",(8),19.59,31.99,/nacomi-krem-na-kazda-pogode-spf50-50-ml-000000000000385647.html
Ava Fill&Lift,"krem przeciwzmarszczkowy do twarzy, 50 ml",(9),33.59,47.99,/ava-krem-przeciwzmarszczkowy-do-twarzy-50-ml-000000000000423677.html
Bielenda Kuracja Młodości,"naprawczy krem przeciwzmarszczkowy na dzień i na noc 80+, 50 ml",(10),18.89,26.99,/bielenda-80-naprawczy-krem-przeciwzmarszczkowy-na-dzien-na-noc-50ml-000000000000322449.html
Needit Nature,"regenerujący krem naturalny do twarzy, 60 ml",(8),36.99,62.99,/needit-regenerujacy-krem-naturalny-do-twarzy-60-ml-000000000000403907.html
Bandi Juicy Power,"nawilżający booster w kremie do twarzy, 40 ml",(1),49.99,49.99,/bandi-nawilzajacy-booster-w-kremie-do-twarzy-40-ml-000000000000447785.html
AA Aloes Pink,"nawilżający krem do twarzy na dzień, 50 ml",(10),23.99,23.99,/aa-nawilzajacy-krem-do-twarzy-na-dzien-50-ml-000000000000415186.html
Basiclab Complementis,"trehalozowy krem przywracający równowagę o bogatej konsystencji z 3% ksylitolem i 2% inozytolem do twarzy, 50 ml",(1),109.99,109.99,/basiclab-trehalozowy-krem-przywracajacy-rownowage-o-bogatej-konsystencji-z-3-ksylitolem-i-2-inozytolem-do-twarzy-50-ml-000000000000435404.html
Teaology Matcha,"krem do twarzy i szyi z herbatą matcha, 30 ml",(65),54.99,69.99,/teaology-krem-do-twarzy-i-szyi-z-herbata-matcha-30-ml-000000000000351278.html
Orientana Natural Snail Cream,"regenerujący krem do twarzy ze śluzem ślimaka, 50 ml",(54),48.99,69.99,/orientana-krem-do-twarzy-ze-sluzem-slimaka-50ml-000000000000299731.html
Miya Cosmetics Secret Glow,"rozświetlający krem do twarzy z witaminami, 30 ml",(50),38.99,38.99,/miya-cosmetics-rozswietlajacy-krem-do-twarzy-z-witaminami-30-ml-000000000000352409.html
Tołpa Dermo Men,"krem ochronny SPF25 do twarzy i głowy, 40 ml",,30.79,43.99,/tolpa-krem-ochronny-spf25-do-twarzy-i-glowy-40-ml-000000000000404088.html
Tołpa Dermo Face Sebio,"max efekt, złuszczający koncentrat zwężający pory, 75 ml",(46),39.99,39.99,/tolpa-max-efekt-zluszczajacy-koncentrat-zwezajacy-pory-75-ml-000000000000362538.html
Bioliq Specialist,"krem detoksykujący niwelujący niedoskonałości na noc, 30 ml",(23),18.89,26.99,/bioliq-krem-detoksykujacy-niwelujacy-niedoskonalosci-na-noc-30ml-000000000000296194.html
Physiogel Codzienne Nawilżanie,"krem intensywny do skóry bardzo suchej i wrażliwej, 100 ml",,87.99,87.99,/physiogel-krem-intensywny-do-skory-bardzo-suchej-i-wrazliwej-100-ml-50703601.html
